opcode,group,register,value,label,qualification
0x02,0x09,0x0002,1,TIME_CONTROLLED,candidate_unqualified
0x02,0x09,0x0002,2,NORMAL,candidate_unqualified
0x02,0x09,0x0002,3,REDUCED,candidate_unqualified
0x02,0x09,0x0004,0,REGULAR,candidate_unqualified
0x02,0x09,0x0004,1,BOOST,candidate_unqualified
0x02,0x09,0x0004,7,HOLIDAY,candidate_unqualified
0x02,0x09,0x0004,10,SYSTEM_OFF,candidate_unqualified
0x02,0x02,0x0001,1,DIRECT_HEATING_CIRCUIT,candidate_unqualified
0x02,0x02,0x0001,2,MIXER_CIRCUIT_EXTERNAL,candidate_unqualified
0x02,0x02,0x0002,0,INACTIVE,candidate_unqualified
0x02,0x02,0x0002,1,HEATING_OR_COOLING,candidate_unqualified
0x02,0x02,0x0002,2,FIXED_VALUE_OR_POOL,candidate_unqualified
0x02,0x02,0x0002,3,DHW_OR_CYLINDER_CHARGING,candidate_unqualified
0x02,0x02,0x0002,4,RETURN_INCREASE,candidate_unqualified
0x02,0x02,0x0003,0,INACTIVE,candidate_unqualified
0x02,0x02,0x0003,1,ACTIVE,candidate_unqualified
0x02,0x02,0x0003,2,EXTENDED,candidate_unqualified
0x02,0x02,0x000E,0,ECO,candidate_unqualified
0x02,0x02,0x000E,1,NIGHT,candidate_unqualified
0x02,0x02,0x0015,0,INACTIVE,candidate_unqualified
0x02,0x02,0x0015,1,ACTIVE,candidate_unqualified
0x02,0x02,0x0015,2,THERMOSTAT,candidate_unqualified
0x02,0x02,0x001B,0,STANDBY,candidate_unqualified
0x02,0x02,0x001B,1,HEATING,candidate_unqualified
0x02,0x02,0x001B,2,COOLING,candidate_unqualified
