opcode,group,register,name
0x02,0x00,0x0001,system_dhw_bivalence_point
0x02,0x00,0x0002,continuous_heating_limit
0x02,0x00,0x0003,frost_protection_delay
0x02,0x00,0x0004,max_preheating_time
0x02,0x00,0x0006,manual_cooling_days
0x02,0x00,0x0007,system_off
0x02,0x00,0x0008,cooling_while_holiday
0x02,0x00,0x0009,automatic_cooling_enabled
0x02,0x00,0x000A,system_cylinder_parallel_loading_allowed
0x02,0x00,0x000B,system_solar_circuit_bleeding_time
0x02,0x00,0x000D,system_solar_frost_protection_limit
0x02,0x00,0x000E,max_room_humidity
0x02,0x00,0x000F,hybrid_control_strategy
0x02,0x00,0x0010,backup_heater_tariff
0x02,0x00,0x0011,energy_rate_low_tariff
0x02,0x00,0x0012,energy_rate_high_tariff
0x02,0x00,0x0013,backup_heater_type
0x02,0x00,0x0014,adaptive_heating_curve
0x02,0x00,0x0015,automatic_daylight_saving_time
0x02,0x00,0x0016,system_ventilation_operating_mode
0x02,0x00,0x0017,system_dhw_max_loading_time
0x02,0x00,0x0018,system_dhw_blocking_time
0x02,0x00,0x0019,system_solar_flow_rate_setpoint
0x02,0x00,0x001B,pump_overrun_time
0x02,0x00,0x001C,generator_max_flow_temperature
0x02,0x00,0x001E,automatic_sequence_reversal
0x02,0x00,0x0022,alternative_point_for_central_heating
0x02,0x00,0x0023,heating_circuit_bivalence_point
0x02,0x00,0x0024,backup_heater_allowed_for
0x02,0x00,0x0025,backup_heater_allow_temporary
0x02,0x00,0x0026,heating_circuit_emergency_temperature
0x02,0x00,0x0027,system_cylinder_start_loading_hysteresis
0x02,0x00,0x0029,system_cylinder_loading_offset
0x02,0x00,0x002A,system_cylinder_dhw_legionella_protection_start_time
0x02,0x00,0x002B,system_cylinder_dhw_legionella_protection_start_weekday
0x02,0x00,0x002C,maintenance_date
0x02,0x00,0x002D,outside_temperature_correction
0x02,0x00,0x002F,module_configuration_vr71
0x02,0x00,0x0031,language
0x02,0x00,0x0034,system_date
0x02,0x00,0x0035,system_time
0x02,0x00,0x0036,system_scheme
0x02,0x00,0x0038,system_cooling_start_temperature
0x02,0x00,0x0039,system_water_pressure
0x02,0x00,0x003A,tri_vai_calculation_result
0x02,0x00,0x003C,system_yield_solar_reset
0x02,0x00,0x003D,system_yield_solar_total
0x02,0x00,0x003E,system_yield_environmental_total
0x02,0x00,0x003F,system_yield_environmental_reset
0x02,0x00,0x0040,system_ventilation_voc_sensor_1
0x02,0x00,0x0041,system_ventilation_voc_sensor_2
0x02,0x00,0x0042,system_ventilation_day_max_fan_stage
0x02,0x00,0x0043,system_ventilation_night_max_fan_stage
0x02,0x00,0x0044,system_ventilation_heat_recovery
0x02,0x00,0x0045,power_cut_function_evu
0x02,0x00,0x0046,system_cylinder_mss_dhw_max_flow_setpoint
0x02,0x00,0x0047,system_in_failure_mode
0x02,0x00,0x0048,energy_manager_state
0x02,0x00,0x0049,system_consumption_electricity_reset
0x02,0x00,0x004A,reset_to_default
0x02,0x00,0x004B,system_flow_temperature
0x02,0x00,0x004C,vwz_ai_backup_heater_max_power
0x02,0x00,0x004D,vwz_ai_configuration_ma2
0x02,0x00,0x004E,system_consumption_fuel_heating_current_month
0x02,0x00,0x004F,system_consumption_electricity_heating_current_month
0x02,0x00,0x0050,system_consumption_electricity_dhw_current_month
0x02,0x00,0x0051,system_consumption_fuel_dhw_current_month
0x02,0x00,0x0052,system_consumption_fuel_heating_previous_month
0x02,0x00,0x0053,system_consumption_electricity_heating_previous_month
0x02,0x00,0x0054,system_consumption_electricity_dhw_previous_month
0x02,0x00,0x0055,system_consumption_fuel_dhw_previous_month
0x02,0x00,0x0056,system_consumption_fuel_heating_total
0x02,0x00,0x0057,system_consumption_electricity_heating_total
0x02,0x00,0x0058,system_consumption_electricity_dhw_total
0x02,0x00,0x0059,system_consumption_fuel_dhw_total
0x02,0x00,0x005C,system_consumption_electricity_total
0x02,0x00,0x005D,system_consumption_fuel_total
0x02,0x00,0x005E,system_yield_heatrecovery_total
0x02,0x00,0x005F,actor_sensor_test_device
0x02,0x00,0x0060,actor_sensor_test_sensor
0x02,0x00,0x0061,actor_sensor_test_actor
0x02,0x00,0x0062,system_ventilation_voc_sensor_3
0x02,0x00,0x0063,system_ventilation_max_voc
0x02,0x00,0x0065,system_ventilation_displayed_wish_fan_stage
0x02,0x00,0x0066,home_screen_status
0x02,0x00,0x0067,system_cylinder_low_temperature
0x02,0x00,0x0068,system_cylinder_top_temperature
0x02,0x00,0x0069,operation_mode_effect
0x02,0x00,0x006A,vwz_ai_configuration_me
0x02,0x00,0x006C,installer_name_1
0x02,0x00,0x006D,installer_name_2
0x02,0x00,0x006F,installer_phone_1
0x02,0x00,0x0070,installer_phone_2
0x02,0x00,0x0071,system_holiday_start
0x02,0x00,0x0072,system_holiday_end
0x02,0x00,0x0073,outside_temperature
0x02,0x00,0x0074,system_quick_mode
0x02,0x00,0x0076,installer_menu_code
0x02,0x00,0x0077,install_assistant_ready
0x02,0x00,0x0078,home_screen_special_function
0x02,0x00,0x0079,status_zone_period_heating
0x02,0x00,0x007A,status_zone_period_cooling
0x02,0x00,0x007B,operating_mode_heating_for_zone
0x02,0x00,0x007C,operating_mode_cooling_for_zone
0x02,0x00,0x007D,home_screen_operation_mode
0x02,0x00,0x007E,fair_mode
0x02,0x00,0x007F,screed_drying_day
0x02,0x00,0x0080,system_cylinder_loading_start_offset
0x02,0x00,0x0081,system_cylinder_loading_stop_offset
0x02,0x00,0x0082,room_temperature_setpoint_for_holiday
0x02,0x00,0x0083,bank_holiday_start_date
0x02,0x00,0x0084,bank_holiday_end_date
0x02,0x00,0x0085,actor_sensor_test_sensor_value
0x02,0x00,0x0086,backlight_switch_off_time
0x02,0x00,0x0087,drainback_start_time
0x02,0x00,0x0088,drainback_station
0x02,0x00,0x0089,collector_pump_kick_time
0x02,0x00,0x008A,collector_min_kick_gradient
0x02,0x00,0x008B,heatpump_max_flow_setpoint
0x02,0x00,0x008C,boiler_with_remote_reset
0x02,0x00,0x008D,display_test_pattern
0x02,0x00,0x008E,backlight_mode
0x02,0x00,0x008F,system_cylinder_available
0x02,0x00,0x0090,plugged_in
0x02,0x00,0x0091,button_pressed_left
0x02,0x00,0x0092,button_pressed_right
0x02,0x00,0x0093,encoder_rotated
0x02,0x00,0x0094,external_crystal_state
0x02,0x00,0x0095,outside_temperature_average_24h
0x02,0x00,0x0096,maintenance_mode
0x02,0x00,0x0097,eeprom_update_in_progress
0x02,0x00,0x0098,boiler_remote_reset
0x02,0x00,0x0099,rtc_crystal_state
0x02,0x00,0x009A,green_iq
0x02,0x00,0x009B,reset_to_default_time_program
0x02,0x00,0x009C,home_screen_headline
0x02,0x00,0x009D,system_cylinder_mss_dhw_top_temperature
0x02,0x00,0x009E,system_cylinder_mss_dhw_bottom_temperature
0x02,0x00,0x009F,system_cylinder_mss_heating_top_temperature
0x02,0x00,0x00A0,system_cylinder_mss_heating_bottom_temperature
0x02,0x00,0x00A1,smart_pv_activation
0x02,0x00,0x00A2,system_cylinder_smart_pv_ch_offset
0x02,0x00,0x00A3,system_ventilation_status_period
0x02,0x00,0x00A4,system_ventilation_special_function_status
0x02,0x00,0x00A5,cascade_client_sequence
0x02,0x00,0x00A6,button_pressed_menu
0x02,0x00,0x00A7,button_pressed_ok
0x02,0x00,0x00A8,button_pressed_back
0x02,0x00,0x00A9,button_pressed_up
0x02,0x00,0x00AA,button_pressed_down
0x02,0x00,0x00AB,isolation_switch
0x02,0x00,0x00AF,system_consumption_electricity_cooling_current_month
0x02,0x00,0x00B0,system_consumption_electricity_cooling_previous_month
0x02,0x00,0x00B1,system_consumption_electricity_cooling_total
0x02,0x00,0x00B2,net_id
0x02,0x00,0x00B3,vwz_ai_configuration_ma1
0x02,0x00,0x00B5,outside_temperature_sensor_visibility
0x02,0x00,0x00B6,ext_energy_management_activation
0x02,0x00,0x00B8,system_solar_3wv
0x02,0x00,0x00B9,system_consumption_electricity_cooling_current_year
0x02,0x00,0x00BA,system_consumption_electricity_cooling_previous_year
0x02,0x00,0x00BB,system_consumption_electricity_dhw_current_year
0x02,0x00,0x00BC,system_consumption_electricity_dhw_previous_year
0x02,0x00,0x00BD,system_consumption_fuel_heating_previous_year
0x02,0x00,0x00BF,system_consumption_fuel_dhw_previous_year
0x02,0x00,0x00C0,system_consumption_electricity_heating_previous_year
0x02,0x00,0x00C1,system_consumption_electricity_heating_current_year
0x02,0x00,0x00C2,system_consumption_electricity_system_current_month
0x02,0x00,0x00C3,system_consumption_electricity_system_previous_month
0x02,0x00,0x00C4,system_consumption_electricity_system_current_year
0x02,0x00,0x00C5,system_consumption_electricity_system_previous_year
0x02,0x00,0x00C6,system_consumption_electricity_system_total
0x02,0x00,0x00C7,system_consumption_fuel_dhw_current_year
0x02,0x00,0x00C8,system_consumption_fuel_heating_current_year
0x02,0x00,0x00C9,system_consumption_fuel_system_current_month
0x02,0x00,0x00CA,system_consumption_fuel_system_previous_month
0x02,0x00,0x00CB,system_consumption_fuel_system_current_year
0x02,0x00,0x00CC,system_consumption_fuel_system_previous_year
0x02,0x00,0x00CD,system_consumption_fuel_system_total
0x02,0x00,0x00CE,system_yield_heatrecovery_previous_month
0x02,0x00,0x00CF,system_yield_heatrecovery_current_month
0x02,0x00,0x00D0,system_yield_heatrecovery_current_year
0x02,0x00,0x00D1,system_yield_heatrecovery_previous_year
0x02,0x00,0x00D2,system_yield_solar_previous_month
0x02,0x00,0x00D3,system_yield_solar_current_month
0x02,0x00,0x00D4,system_yield_solar_current_year
0x02,0x00,0x00D5,system_yield_solar_previous_year
0x02,0x00,0x00D6,system_yield_environmental_previous_month
0x02,0x00,0x00D7,system_yield_environmental_previous_year
0x02,0x00,0x00D8,system_yield_environmental_current_year
0x02,0x00,0x00D9,electricity_tariff_type
0x02,0x00,0x00DA,manual_cooling_date_start
0x02,0x00,0x00DB,manual_cooling_date_end
0x02,0x00,0x00DC,room_temperature_control_strategy_type
0x02,0x00,0x00DD,screed_drying_profile_day_01_10
0x02,0x00,0x00DE,screed_drying_profile_day_11_20
0x02,0x00,0x00DF,screed_drying_profile_day_21_29
0x02,0x00,0x00E0,system_yield_environmental_current_month
0x02,0x00,0x00E1,circuit_control_strategy
0x02,0x00,0x00E2,automatic_mode_active
0x02,0x00,0x00E3,button_raw_value_up
0x02,0x00,0x00E4,button_raw_value_down
0x02,0x00,0x00E5,button_raw_value_question
0x02,0x00,0x00E6,button_raw_value_ok
0x02,0x00,0x00E7,button_raw_value_menu
0x02,0x00,0x00E8,button_raw_value_back
0x02,0x00,0x00E9,button_raw_value_slider_1
0x02,0x00,0x00EA,button_raw_value_slider_2
0x02,0x00,0x00EB,button_raw_value_slider_3
0x02,0x00,0x00EC,button_raw_value_slider_4
0x02,0x00,0x00ED,button_raw_value_slider_5
0x02,0x00,0x00EE,button_raw_value_slider_6
0x02,0x00,0x00EF,continuous_heating_room_setpoint
0x02,0x00,0x00F0,error_number_priority
0x02,0x00,0x00F1,maintenance_number_priority
0x02,0x00,0x00F2,system_holiday_start_date
0x02,0x00,0x00F3,system_holiday_end_date
0x02,0x00,0x00F4,system_holiday_start_time
0x02,0x00,0x00F5,system_holiday_end_time
0x02,0x00,0x00F6,room_temperature_setpoint_for_holiday
0x02,0x00,0x00F7,system_holiday_abort
0x02,0x00,0x00F8,manual_cooling_abort
0x02,0x00,0x00F9,system_ventilation_boost
0x02,0x00,0x00FA,external_heat_demand_input_configuration
0x02,0x00,0x00FB,heatpump_mss_min_difference
0x02,0x00,0x00FC,heatpump_max_flow_dhw_setpoint
0x02,0x00,0x00FD,boiler_max_flow_setpoint
0x02,0x01,0x0001,native_dhw_circuit_type
0x02,0x01,0x0002,native_dhw_circulation_pump_status
0x02,0x01,0x0003,native_dhw_operation_mode
0x02,0x01,0x0004,native_dhw_tapping_temperature_setpoint
0x02,0x01,0x0005,native_dhw_current_temperature
0x02,0x01,0x0006,native_dhw_pump_status
0x02,0x01,0x0007,native_dhw_program_reset_to_default
0x02,0x01,0x0008,native_dhw_current_target_flow_temperature
0x02,0x01,0x0009,native_dhw_holiday_start_date
0x02,0x01,0x000A,native_dhw_holiday_end_date
0x02,0x01,0x000B,native_dhw_bank_holiday_start
0x02,0x01,0x000C,native_dhw_bank_holiday_end
0x02,0x01,0x000D,native_dhw_special_function_mode
0x02,0x01,0x000E,native_dhw_controlled_by_system
0x02,0x01,0x000F,native_dhw_status
0x02,0x01,0x0010,native_dhw_holiday_start_time
0x02,0x01,0x0011,native_dhw_holiday_end_time
0x02,0x01,0x0012,native_dhw_holiday_abort
0x02,0x01,0x0014,native_dhw_preference
0x02,0x01,0x0015,native_dhw_recharge_tapping_setpoint
0x02,0x01,0x0019,native_dhw_loading_efficiency_state
0x02,0x02,0x0001,circuit_circuit_type
0x02,0x02,0x0002,circuit_mixer_type_external
0x02,0x02,0x0003,circuit_influence_type
0x02,0x02,0x0004,circuit_backflow_temperature_setpoint
0x02,0x02,0x0005,circuit_condensate_sensitive_emitter
0x02,0x02,0x0006,circuit_cooling_allowed
0x02,0x02,0x0007,circuit_current_target_flow_temperature
0x02,0x02,0x0008,circuit_current_flow_temperature
0x02,0x02,0x0009,circuit_dhw_tapping_setpoint
0x02,0x02,0x000A,circuit_epsilon
0x02,0x02,0x000B,circuit_flow_temperature_setpoint_correction_heating
0x02,0x02,0x000C,circuit_flow_temperature_setpoint_high
0x02,0x02,0x000D,circuit_flow_temperature_setpoint_low
0x02,0x02,0x000E,circuit_frost_protection_mode
0x02,0x02,0x000F,circuit_heating_curve
0x02,0x02,0x0010,circuit_heating_flow_temperature_max_setpoint
0x02,0x02,0x0011,circuit_cooling_flow_temperature_min_setpoint
0x02,0x02,0x0012,circuit_flow_temperature_min_setpoint
0x02,0x02,0x0013,circuit_dhw_operating_mode
0x02,0x02,0x0014,circuit_maximum_outside_temperature_heating
0x02,0x02,0x0015,circuit_room_temperature_influence
0x02,0x02,0x0016,circuit_screed_drying_day
0x02,0x02,0x0017,circuit_screed_drying_setpoint
0x02,0x02,0x0018,circuit_dhw_circulation_pump_status
0x02,0x02,0x0019,circuit_external_heat_demand
0x02,0x02,0x001A,circuit_status_heating_circuit_mixer
0x02,0x02,0x001B,circuit_pump_status
0x02,0x02,0x001C,circuit_adaptive_heating_curve_offset
0x02,0x02,0x001D,circuit_dhw_quick_mode
0x02,0x02,0x001E,circuit_status_circuit
0x02,0x02,0x001F,circuit_minimum_outside_temperature_cooling
0x02,0x02,0x0020,circuit_status_automatic_heating_cooling
0x02,0x02,0x0021,circuit_mixer_position_percentage
0x02,0x02,0x0022,circuit_current_room_humidity
0x02,0x02,0x0023,circuit_dew_point_temperature
0x02,0x02,0x0024,circuit_pump_operating_hours
0x02,0x02,0x0025,circuit_pump_starts_count
0x02,0x03,0x0001,zone_cooling_operation_mode
0x02,0x03,0x0002,zone_room_temperature_setpoint_cooling
0x02,0x03,0x0003,zone_holiday_start_date
0x02,0x03,0x0004,zone_holiday_end_date
0x02,0x03,0x0005,zone_holiday_setpoint
0x02,0x03,0x0006,zone_heating_operation_mode
0x02,0x03,0x0007,zone_comfort_room_temperature_setpoint_heating
0x02,0x03,0x0008,zone_quick_veto_setpoint
0x02,0x03,0x0009,zone_setback_room_temperature_setpoint_heating
0x02,0x03,0x000A,zone_operating_mode_heating_teleswitch
0x02,0x03,0x000B,zone_operating_mode_cooling_teleswitch
0x02,0x03,0x000C,zone_bank_holiday_start
0x02,0x03,0x000D,zone_bank_holiday_end
0x02,0x03,0x000E,zone_quick_mode
0x02,0x03,0x000F,zone_current_measured_temperature
0x02,0x03,0x0010,zone_schedule_reset_to_default
0x02,0x03,0x0011,zone_is_active
0x02,0x03,0x0012,zone_valve_status
0x02,0x03,0x0013,zone_binding_of_zone
0x02,0x03,0x0014,zone_heating_setpoint
0x02,0x03,0x0015,zone_cooling_setpoint
0x02,0x03,0x0016,zone_name
0x02,0x03,0x0017,zone_name_prefix
0x02,0x03,0x0018,zone_name_suffix
0x02,0x03,0x0019,zone_heating_schedule_status
0x02,0x03,0x001A,zone_cooling_schedule_status
0x02,0x03,0x001B,zone_special_function_status
0x02,0x03,0x001C,zone_circuit_for_zone
0x02,0x03,0x001D,zone_heating_event_end_time
0x02,0x03,0x001E,zone_quick_veto_end_time
0x02,0x03,0x0020,zone_holiday_end_time
0x02,0x03,0x0021,zone_holiday_start_time
0x02,0x03,0x0022,zone_heating_manual_setpoint
0x02,0x03,0x0023,zone_cooling_manual_setpoint
0x02,0x03,0x0024,zone_quick_veto_end_date
0x02,0x03,0x0025,zone_holiday_abort
0x02,0x03,0x0026,zone_quick_veto_duration
0x02,0x03,0x0027,zone_manual_cooling_is_active_for_zone
0x02,0x03,0x0028,zone_current_humidity
0x02,0x03,0x0029,zone_cooling_allowed
0x02,0x03,0x002A,zone_summer_cutoff_active
0x02,0x03,0x002B,zone_continuous_heating_active
0x02,0x03,0x002C,zone_frost_protection_active
0x02,0x03,0x002D,zone_heating_roomthermostat_status
0x02,0x03,0x002E,zone_cooling_roomthermostat_status
0x02,0x04,0x0001,solar_collector_runtime_reset
0x02,0x04,0x0002,solar_collector_kick_function
0x02,0x04,0x0003,solar_collector_temperature
0x02,0x04,0x0004,solar_collector_min_temperature
0x02,0x04,0x0005,solar_circuit_protection_function
0x02,0x04,0x0006,solar_circuit_protection_function_setpoint
0x02,0x04,0x0007,yield_solar_temperature
0x02,0x04,0x0008,solar_pump_active
0x02,0x04,0x0009,solar_flow_rate_current
0x02,0x04,0x000A,solar_flow_rate_setpoint
0x02,0x04,0x000B,solar_pump_hours
0x02,0x04,0x000C,solar_pump_min_power
0x02,0x05,0x0001,solar_cylinder_max_temperature_setpoint
0x02,0x05,0x0002,solar_cylinder_start_temperature_difference
0x02,0x05,0x0003,solar_cylinder_stop_temperature_difference
0x02,0x05,0x0004,solar_cylinder_bottom_temperature
0x02,0x08,0x0001,delta_temperature_control_max_temperature
0x02,0x08,0x0002,delta_temperature_control_min_temperature
0x02,0x08,0x0003,delta_temperature_control_start_temperature_difference
0x02,0x08,0x0004,delta_temperature_control_stop_temperature_difference
0x02,0x08,0x0005,delta_temperature_td1_temperature
0x02,0x08,0x0006,delta_temperature_td2_temperature
0x02,0x08,0x0007,delta_temperature_td_output
0x02,0x09,0x0001,ventilation_quick_mode
0x02,0x09,0x0002,ventilation_operating_mode
0x02,0x09,0x0003,ventilation_status_period
0x02,0x09,0x0004,ventilation_status_special_operating_mode
0x02,0x09,0x0005,ventilation_voc_sensor_1
0x02,0x09,0x0006,ventilation_voc_sensor_2
0x02,0x09,0x0007,ventilation_holiday_end
0x02,0x09,0x0008,ventilation_holiday_end_time
0x02,0x09,0x0009,ventilation_holiday_start
0x02,0x09,0x000A,ventilation_holiday_start_time
0x02,0x09,0x000B,ventilation_heat_recovery_ventilation
0x02,0x09,0x000C,ventilation_max_voc
0x02,0x09,0x000D,ventilation_day_max_fan_stage
0x02,0x09,0x000E,ventilation_night_max_fan_stage
0x02,0x09,0x000F,ventilation_holiday_abort
