opcode,group,register,name,vaillant_friendly_name,vaillant_name_vrc720,vaillant_name_vrc700,myvaillant_name_vrc720,myvaillant_name_vrc700,ebusd_name
0x02,0x00,0x0001,system_dhw_bivalence_point,Bivalence point for DHW,system_bivalence_point_for_dhw,system_bivalence_point_for_dhw,dhwBivalencePoint,domesticHotWaterBivalencePoint,
0x02,0x00,0x0002,continuous_heating_limit,Limit for Continuous Heating,system_limit_for_continuous_heating,system_limit_for_continuous_heating,continuousHeatingStartSetpoint,continuousHeatingStartSetpoint,ContinuousHeating
0x02,0x00,0x0003,frost_protection_delay,Frost protection delay,,,,,FrostOverRideTime
0x02,0x00,0x0004,max_preheating_time,Maximum time for pre heating,system_maximum_time_for_pre_heating,,,,
0x02,0x00,0x0006,manual_cooling_days,Cooling days for manual cooling,,system_cooling_days_for_manual_cooling,,,
0x02,0x00,0x0007,system_off,System mode off,system_system_mode_off,system_system_mode_off,systemOff,,SysOff
0x02,0x00,0x0008,cooling_while_holiday,Cooling while holiday,,,,,
0x02,0x00,0x0009,automatic_cooling_enabled,Automatic cooling enabled,system_automatic_cooling_enabled,system_automatic_cooling_enabled,,,
0x02,0x00,0x000A,system_cylinder_parallel_loading_allowed,Parallel tank loading,system_parallel_tank_loading,system_parallel_tank_loading,,,HwcParallelLoading
0x02,0x00,0x000B,system_solar_circuit_bleeding_time,SolarCircuit_BleedingTime,,,,,
0x02,0x00,0x000D,system_solar_frost_protection_limit,Solar frost protection limit,,,,,
0x02,0x00,0x000E,max_room_humidity,Maximum humidity,,,,,MaxRoomHumidity
0x02,0x00,0x000F,hybrid_control_strategy,Hybrid control strategy,system_hybrid_control_strategy,system_hybrid_control_strategy,hybridControlStrategy,,
0x02,0x00,0x0010,backup_heater_tariff,Backup heater rate,,,,,
0x02,0x00,0x0011,energy_rate_low_tariff,Electricity rate low tariff,,,,,
0x02,0x00,0x0012,energy_rate_high_tariff,Electricity rate high tariff,,,,,
0x02,0x00,0x0013,backup_heater_type,Backup heater type,system_backup_heater_type,system_backup_heater_type,backupHeaterType,,
0x02,0x00,0x0014,adaptive_heating_curve,Adaptive heating curve,system_adaptive_heating_curve,system_adaptive_heating_curve,,,AdaptHeatCurve
0x02,0x00,0x0015,automatic_daylight_saving_time,Automatic daylight saving time,,,,,HwcParallelLoading
0x02,0x00,0x0016,system_ventilation_operating_mode,Operating mode for air ventilation,,system_vrc700_operating_mode_for_air_ventilation | ventilations_are_active,,,
0x02,0x00,0x0017,system_dhw_max_loading_time,Maximum DHW loading time,system_maximum_dhw_loading_time,system_maximum_dhw_loading_time,,domesticHotWaterMaximumLoadingTime,MaxCylinderChargeTime
0x02,0x00,0x0018,system_dhw_blocking_time,DHW Blocking time,system_dhw_blocking_time,,domesticHotWaterTappingBlockingTime,,HwcLockTime
0x02,0x00,0x0019,system_solar_flow_rate_setpoint,Set point solar flow rate,,,,,
0x02,0x00,0x001B,pump_overrun_time,DHW pump overrun time,,,,,PumpAdditionalTime
0x02,0x00,0x001C,generator_max_flow_temperature,Generator maximum flow temperature,,,,,
0x02,0x00,0x001E,automatic_sequence_reversal,Automatic sequence reversal,,,,,
0x02,0x00,0x0022,alternative_point_for_central_heating,Alternative point for Central Heating,system_alternative_point_for_central_heating,system_alternative_point_for_central_heating,alternativePoint,alternativePoint,
0x02,0x00,0x0023,heating_circuit_bivalence_point,Bivalence point for CH,system_bivalence_point_for_ch,system_bivalence_point_for_ch,heatingCircuitBivalencePoint,heatingCircuitBivalencePoint,
0x02,0x00,0x0024,backup_heater_allowed_for,Backup heater allowed for,system_backup_heater_allowed_for,system_backup_heater_allowed_for,backupHeaterAllowedFor,,
0x02,0x00,0x0025,backup_heater_allow_temporary,Temporary allow backup heater,system_temporary_allow_backup_heater,system_temporary_allow_backup_heater,temporaryAllowBackupHeater,,
0x02,0x00,0x0026,heating_circuit_emergency_temperature,Maximum flow temperature set point in case of heat pump error,system_maximum_flow_temperature_set_point_in_case_of_heat_pump_error,system_maximum_flow_temperature_set_point_in_case_of_heat_pump_error,maxFlowSetpointHpError,maxFlowSetpointHeatpumpError,
0x02,0x00,0x0027,system_cylinder_start_loading_hysteresis,Tank start loading hysteresis,system_tank_start_loading_hysteresis,system_tank_start_loading_hysteresis,dhwHysteresis,domesticHotWaterHysteresis,CylinderChargeHyst
0x02,0x00,0x0029,system_cylinder_loading_offset,Tank loading offset,system_tank_loading_offset,system_tank_loading_offset,dhwFlowSetpointOffset,domesticHotWaterFlowSetpointOffset,CylinderChargeOffset
0x02,0x00,0x002A,system_cylinder_dhw_legionella_protection_start_time,Legionella protection start time,,,,,
0x02,0x00,0x002B,system_cylinder_dhw_legionella_protection_start_weekday,Legionella protection start weekday,system_legionella_protection_start_weekday,system_legionella_protection_start_weekday,legionellaProtectionStartWeekday,legionellaProtectionStartWeekday,
0x02,0x00,0x002C,maintenance_date,Maintenance date,,,,,MaintenanceDate
0x02,0x00,0x002D,outside_temperature_correction,Outside temperature correction,,,,,
0x02,0x00,0x002F,module_configuration_vr71,Configuration VR71,system_configuration_vr71,system_configuration_vr71,,moduleConfigurationVR71,
0x02,0x00,0x0031,language,Language,,,,,
0x02,0x00,0x0034,system_date,System date,system_system_date,system_system_date,,,Date
0x02,0x00,0x0035,system_time,System time,system_system_time,system_system_time,,,Time
0x02,0x00,0x0036,system_scheme,System scheme,system_system_scheme,system_system_scheme,,systemScheme,HydraulicScheme
0x02,0x00,0x0038,system_cooling_start_temperature,Cooling start temperature,system_cooling_start_temperature,system_cooling_start_temperature,coolingStartTemperature,coolingStartTemperature,
0x02,0x00,0x0039,system_water_pressure,Water pressure,system_water_pressure,system_water_pressure,systemWaterPressure,systemWaterPressure,WaterPressure
0x02,0x00,0x003A,tri_vai_calculation_result,triVAI calculation result,,,,,
0x02,0x00,0x003C,system_yield_solar_reset,Reset of solar yield,,,,,
0x02,0x00,0x003D,system_yield_solar_total,Solar yield sum,,,,,SolarYieldTotal
0x02,0x00,0x003E,system_yield_environmental_total,Environment yield sum,,,,,YieldTotal
0x02,0x00,0x003F,system_yield_environmental_reset,Reset of environment yield,,,,,
0x02,0x00,0x0040,system_ventilation_voc_sensor_1,VOC sensor 1,,,,,
0x02,0x00,0x0041,system_ventilation_voc_sensor_2,VOC sensor 2,,,,,
0x02,0x00,0x0042,system_ventilation_day_max_fan_stage,Day maximum fan stage,,system_vrc700_day_maximum_fan_stage,,maximumDayFanStage,
0x02,0x00,0x0043,system_ventilation_night_max_fan_stage,Night maximum fan stage,,system_vrc700_night_maximum_fan_stage,,maximumNightFanStage,
0x02,0x00,0x0044,system_ventilation_heat_recovery,Heat recovery air ventilation,,,,,
0x02,0x00,0x0045,power_cut_function_evu,Power cut function (EVU),system_power_cut_function_evu,system_power_cut_function_evu,energyProvidePowerCutBehavior,,
0x02,0x00,0x0046,system_cylinder_mss_dhw_max_flow_setpoint,Maximum Flow Setpoint DHW for MSS,system_maximum_flow_setpoint_dhw_for_mss,system_maximum_flow_setpoint_dhw_for_mss,dhwMaximumTemperature,domesticHotWaterMaximumTemperature,HwcMaxFlowTempDesired
0x02,0x00,0x0047,system_in_failure_mode,System in failure mode,,,,,
0x02,0x00,0x0048,energy_manager_state,Energy Manager State,system_energy_manager_state,system_energy_manager_state,energyManagerState,energyManagerState,
0x02,0x00,0x0049,system_consumption_electricity_reset,Reset of electricity consumption,,,,,
0x02,0x00,0x004A,reset_to_default,Reset to default,,,,,
0x02,0x00,0x004B,system_flow_temperature,System flow temperature,system_system_flow_temperature,system_system_flow_temperature,systemFlowTemperature,systemFlowTemperature,FlowTemp
0x02,0x00,0x004C,vwz_ai_backup_heater_max_power,VWZ-AI Backup heater max power,,,,,
0x02,0x00,0x004D,vwz_ai_configuration_ma2,VWZ-AI Configuration MA2,system_vwz__ai_configuration_ma2,,relayFunctionInstallationType,,MultiRelaySetting
0x02,0x00,0x004E,system_consumption_fuel_heating_current_month,Energy consumption Gas for Heating at Current month,,,,,PrFuelSumHcThisMonth
0x02,0x00,0x004F,system_consumption_electricity_heating_current_month,Energy consumption Electricity for Heating at Current month,,,,,PrEnergySumHcThisMonth
0x02,0x00,0x0050,system_consumption_electricity_dhw_current_month,Energy consumption Electricity for Dhw at Current month,,,,,PrEnergySumHwcThisMonth
0x02,0x00,0x0051,system_consumption_fuel_dhw_current_month,Energy consumption Gas for Dhw at Current month,,,,,PrFuelSumHwcThisMonth
0x02,0x00,0x0052,system_consumption_fuel_heating_previous_month,Energy consumption Gas for Heating at Last month,,,,,PrFuelSumHcLastMonth
0x02,0x00,0x0053,system_consumption_electricity_heating_previous_month,Energy consumption Electricity for Heating at Last month,,,,,PrEnergySumHcLastMonth
0x02,0x00,0x0054,system_consumption_electricity_dhw_previous_month,Energy consumption Electricity for Dhw at Last month,,,,,PrEnergySumHwcLastMonth
0x02,0x00,0x0055,system_consumption_fuel_dhw_previous_month,Energy consumption Gas for Dhw at Last month,,,,,PrFuelSumHwcLastMonth
0x02,0x00,0x0056,system_consumption_fuel_heating_total,Energy consumption Gas for Heating History,,,,,PrFuelSumHc
0x02,0x00,0x0057,system_consumption_electricity_heating_total,Energy consumption Electricity for Ch History | Energy consumption Electricity for Heating History,,,,,PrEnergySumHc
0x02,0x00,0x0058,system_consumption_electricity_dhw_total,Energy consumption Electricity for Dhw History,,,,,PrEnergySumHwc
0x02,0x00,0x0059,system_consumption_fuel_dhw_total,Energy consumption Gas for Dhw History,,,,,PrFuelSumHwc
0x02,0x00,0x005C,system_consumption_electricity_total,Electrical power consumption sum,,,,,PrEnergySum
0x02,0x00,0x005D,system_consumption_fuel_total,Primary energy consumption sum,,,,,PrFuelSum
0x02,0x00,0x005E,system_yield_heatrecovery_total,Heat recovery yield sum,,,,,
0x02,0x00,0x005F,actor_sensor_test_device,Device for ActorSensor Test,,,,,
0x02,0x00,0x0060,actor_sensor_test_sensor,Sensor for ActorSensor Test,,,,,
0x02,0x00,0x0061,actor_sensor_test_actor,Actor for ActorSensor Test,,,,,
0x02,0x00,0x0062,system_ventilation_voc_sensor_3,VOC sensor 3,,,,,
0x02,0x00,0x0063,system_ventilation_max_voc,Max VOC,,,,,
0x02,0x00,0x0065,system_ventilation_displayed_wish_fan_stage,Displayed wish fan stage,,,,,
0x02,0x00,0x0066,home_screen_status,Home Screen Status,,,,,
0x02,0x00,0x0067,system_cylinder_low_temperature,Buffer low temperature,system_buffer_low_temperature,system_buffer_low_temperature,,cylinderTemperatureSensorBottom,
0x02,0x00,0x0068,system_cylinder_top_temperature,Buffer top temperature,system_buffer_top_temperature,system_buffer_top_temperature,,cylinderTemperatureSensorTop,
0x02,0x00,0x0069,operation_mode_effect,Operation mode effect,,system_operation_mode_effect,,operationModeEffect,
0x02,0x00,0x006A,vwz_ai_configuration_me,VWZ-AI Configuration ME,,,,,
0x02,0x00,0x006C,installer_name_1,Contact installer name Part 1,,,,,Installer1
0x02,0x00,0x006D,installer_name_2,Contact installer name Part 2,,,,,Installer2
0x02,0x00,0x006F,installer_phone_1,Contact installer phone Part 1,,,,,PhoneNumber1
0x02,0x00,0x0070,installer_phone_2,Contact installer phone Part 2,,,,,PhoneNumber2
0x02,0x00,0x0071,system_holiday_start,Holiday Start,,system_vrc700_holiday_start_for_system,,,
0x02,0x00,0x0072,system_holiday_end,Holiday End,,system_vrc700_holiday_end_for_system,,,
0x02,0x00,0x0073,outside_temperature,Outside temperature,system_outside_temperature,system_outside_temperature,,outdoorTemperature,OutdoorTemp
0x02,0x00,0x0074,system_quick_mode,Quick Mode,,,,,
0x02,0x00,0x0076,installer_menu_code,Installer level password,,,,,KeyCodeforConfigMenu
0x02,0x00,0x0077,install_assistant_ready,InstallAssistentReady,,,,,
0x02,0x00,0x0078,home_screen_special_function,Home Screen Special Function,,,,,
0x02,0x00,0x0079,status_zone_period_heating,Status Zone Period Heating,,,,,
0x02,0x00,0x007A,status_zone_period_cooling,Status Zone Period Cooling,,,,,
0x02,0x00,0x007B,operating_mode_heating_for_zone,Operating mode heating for a zone,,,,,
0x02,0x00,0x007C,operating_mode_cooling_for_zone,Operating mode cooling for a zone,,,,,
0x02,0x00,0x007D,home_screen_operation_mode,Home Screen Operation Mode,,,,,
0x02,0x00,0x007E,fair_mode,Fair Mode,,,,,
0x02,0x00,0x007F,screed_drying_day,Screed drying day,,,,,
0x02,0x00,0x0080,system_cylinder_loading_start_offset,Offset start buffer loading,,,,,
0x02,0x00,0x0081,system_cylinder_loading_stop_offset,Offset stop buffer loading,,,,,
0x02,0x00,0x0082,room_temperature_setpoint_for_holiday,Room temperature set point for holiday,,,,,
0x02,0x00,0x0083,bank_holiday_start_date,Bank holiday start date,,,,,
0x02,0x00,0x0084,bank_holiday_end_date,Bank holiday end date,,,,,
0x02,0x00,0x0085,actor_sensor_test_sensor_value,Sensor Value for ActorSensor Test,,,,,
0x02,0x00,0x0086,backlight_switch_off_time,Backlight switch off time,,,,,
0x02,0x00,0x0087,drainback_start_time,Drain back start time,,,,,
0x02,0x00,0x0088,drainback_station,Drain back station,,,,,
0x02,0x00,0x0089,collector_pump_kick_time,Collector pump kick time,,,,,
0x02,0x00,0x008A,collector_min_kick_gradient,Collector min kick gradient,,,,,
0x02,0x00,0x008B,heatpump_max_flow_setpoint,Max Flow Set Point Heat Pump | Max Flow Set Point Heat Pump CH,,,,,
0x02,0x00,0x008C,boiler_with_remote_reset,Boiler With Remote Reset,,,,,
0x02,0x00,0x008D,display_test_pattern,Display test pattern,,,,,
0x02,0x00,0x008E,backlight_mode,Backlight mode,,,,,
0x02,0x00,0x008F,system_cylinder_available,Buffer available,system_buffer_available,system_buffer_available,installedCylinder,installedCylinder,
0x02,0x00,0x0090,plugged_in,Plugged in,,,,,
0x02,0x00,0x0091,button_pressed_left,Left button pressed (T1),,,,,
0x02,0x00,0x0092,button_pressed_right,Right button pressed (T2),,,,,
0x02,0x00,0x0093,encoder_rotated,Encoder rotated,,,,,
0x02,0x00,0x0094,external_crystal_state,External Crystle state,,,,,
0x02,0x00,0x0095,outside_temperature_average_24h,24hour mean outside temperature,system24_hour_mean_outside_temperature,system24_hour_mean_outside_temperature,,outdoorTemperatureAverage24h,OutsideTempAvg
0x02,0x00,0x0096,maintenance_mode,System in maintenance mode,,,,,MaintenanceDue
0x02,0x00,0x0097,eeprom_update_in_progress,Eeprom update in progress,,,,,
0x02,0x00,0x0098,boiler_remote_reset,Remote Reset a Boiler,,,,,
0x02,0x00,0x0099,rtc_crystal_state,RTC Crystle is OK,,,,,
0x02,0x00,0x009A,green_iq,Green IQ,,,,,
0x02,0x00,0x009B,reset_to_default_time_program,Reset to default time program,,,,,
0x02,0x00,0x009C,home_screen_headline,Home Screen Headline,,,,,
0x02,0x00,0x009D,system_cylinder_mss_dhw_top_temperature,MSS Buffer Top DHW,system_mss_buffer_top_dhw,system_mss_buffer_top_dhw,,cylinderTemperatureSensorTopDomesticHotWater,HwcStorageTempTop
0x02,0x00,0x009E,system_cylinder_mss_dhw_bottom_temperature,MSS Buffer Bottom DHW,system_mss_buffer_bottom_dhw,system_mss_buffer_bottom_dhw,,cylinderTemperatureSensorBottomDomesticHotWater,HwcStorageTempBottom
0x02,0x00,0x009F,system_cylinder_mss_heating_top_temperature,MSS Buffer Top CH,system_mss_buffer_top_ch,system_mss_buffer_top_ch,,cylinderTemperatureSensorTopCentralHeating,HcStorageTempTop
0x02,0x00,0x00A0,system_cylinder_mss_heating_bottom_temperature,MSS Buffer Bottom CH,system_mss_buffer_bottom_ch,system_mss_buffer_bottom_ch,,cylinderTemperatureSensorBottomCentralHeating,HcStorageTempBottom
0x02,0x00,0x00A1,smart_pv_activation,Smart PV activation,,,,,
0x02,0x00,0x00A2,system_cylinder_smart_pv_ch_offset,Smart PV CH buffer offset,system_smart_pv_ch_buffer_offset,system_smart_pv_ch_buffer_offset,,smartPhotovoltaicBufferOffset,
0x02,0x00,0x00A3,system_ventilation_status_period,Status Period Ventilation,,,,,
0x02,0x00,0x00A4,system_ventilation_special_function_status,Status Special Function Ventilation,,system_vrc700_status_special_function_ventilation,,currentSpecialFunction,
0x02,0x00,0x00A5,cascade_client_sequence,Cascade client sequence,,,,,
0x02,0x00,0x00A6,button_pressed_menu,Menu button pressed,,,,,
0x02,0x00,0x00A7,button_pressed_ok,Ok Button pressed,,,,,
0x02,0x00,0x00A8,button_pressed_back,Back Button pressed,,,,,
0x02,0x00,0x00A9,button_pressed_up,Up Button pressed,,,,,
0x02,0x00,0x00AA,button_pressed_down,Down Button pressed,,,,,
0x02,0x00,0x00AB,isolation_switch,Isolation switch,system_isolation_switch,system_isolation_switch,,,
0x02,0x00,0x00AF,system_consumption_electricity_cooling_current_month,Energy consumption Electricity for Cooling at Current month,,,,,
0x02,0x00,0x00B0,system_consumption_electricity_cooling_previous_month,Energy consumption Electricity for Cooling at Last month,,,,,
0x02,0x00,0x00B1,system_consumption_electricity_cooling_total,Energy consumption Electricity for Cooling History,,,,,
0x02,0x00,0x00B2,net_id,NET Id,,,,,
0x02,0x00,0x00B3,vwz_ai_configuration_ma1,VWZ-AI Configuration MA1,,,,,
0x02,0x00,0x00B5,outside_temperature_sensor_visibility,Outside temperature sensor is OK,system_outside_temperature_sensor_visibility,system_outside_temperature_sensor_visibility,,,
0x02,0x00,0x00B6,ext_energy_management_activation,ext Energy management activation,system_ext_energy_management_activation,system_ext_energy_management_activation,externalEnergyManagementActivation,externalEnergyManagementActivation,
0x02,0x00,0x00B8,system_solar_3wv,Solar 3WV,,,,,
0x02,0x00,0x00B9,system_consumption_electricity_cooling_current_year,Energy consumption Electricity for Cooling at Current year,,,,,
0x02,0x00,0x00BA,system_consumption_electricity_cooling_previous_year,Energy consumption Electricity for Cooling at Last year,,,,,
0x02,0x00,0x00BB,system_consumption_electricity_dhw_current_year,Energy consumption Electricity for Dhw at Current year,,,,,
0x02,0x00,0x00BC,system_consumption_electricity_dhw_previous_year,Energy consumption Electricity for Dhw at Last year,,,,,
0x02,0x00,0x00BD,system_consumption_fuel_heating_previous_year,Energy consumption Gas for Heating at Last year,,,,,
0x02,0x00,0x00BF,system_consumption_fuel_dhw_previous_year,Energy consumption Gas for Dhw at Last year,,,,,
0x02,0x00,0x00C0,system_consumption_electricity_heating_previous_year,Energy consumption Electricity for Heating at Last year,,,,,
0x02,0x00,0x00C1,system_consumption_electricity_heating_current_year,Energy consumption Electricity for Heating at Current year,,,,,
0x02,0x00,0x00C2,system_consumption_electricity_system_current_month,Energy consumption Electricity for System at Current month,,,,,
0x02,0x00,0x00C3,system_consumption_electricity_system_previous_month,Energy consumption Electricity for System at Last month,,,,,
0x02,0x00,0x00C4,system_consumption_electricity_system_current_year,Energy consumption Electricity for System at Current year,,,,,
0x02,0x00,0x00C5,system_consumption_electricity_system_previous_year,Energy consumption Electricity for System at Last year,,,,,
0x02,0x00,0x00C6,system_consumption_electricity_system_total,Energy consumption Electricity for System History,,,,,
0x02,0x00,0x00C7,system_consumption_fuel_dhw_current_year,Energy consumption Gas for Dhw at Current year,,,,,
0x02,0x00,0x00C8,system_consumption_fuel_heating_current_year,Energy consumption Gas for Heating at Current year,,,,,
0x02,0x00,0x00C9,system_consumption_fuel_system_current_month,Energy consumption Gas for System at Current month,,,,,
0x02,0x00,0x00CA,system_consumption_fuel_system_previous_month,Energy consumption Gas for System at Last month,,,,,
0x02,0x00,0x00CB,system_consumption_fuel_system_current_year,Energy consumption Gas for System at Current year,,,,,
0x02,0x00,0x00CC,system_consumption_fuel_system_previous_year,Energy consumption Gas for System at Last year,,,,,
0x02,0x00,0x00CD,system_consumption_fuel_system_total,Energy consumption Gas for System History,,,,,
0x02,0x00,0x00CE,system_yield_heatrecovery_previous_month,Heat recovery yield last month,,,,,
0x02,0x00,0x00CF,system_yield_heatrecovery_current_month,Heat recovery yield current month,,,,,
0x02,0x00,0x00D0,system_yield_heatrecovery_current_year,Heat recovery yield current year,,,,,
0x02,0x00,0x00D1,system_yield_heatrecovery_previous_year,Heat recovery yield last year,,,,,
0x02,0x00,0x00D2,system_yield_solar_previous_month,Solar yield last month,,,,,
0x02,0x00,0x00D3,system_yield_solar_current_month,Solar yield current month,,,,,
0x02,0x00,0x00D4,system_yield_solar_current_year,Solar yield current year,,,,,
0x02,0x00,0x00D5,system_yield_solar_previous_year,Solar yield last year,,,,,
0x02,0x00,0x00D6,system_yield_environmental_previous_month,Environment yield last month,,,,,
0x02,0x00,0x00D7,system_yield_environmental_previous_year,Environment yield last year,,,,,
0x02,0x00,0x00D8,system_yield_environmental_current_year,Environment yield current year,,,,,
0x02,0x00,0x00D9,electricity_tariff_type,Electricity tariff type,,,,,
0x02,0x00,0x00DA,manual_cooling_date_start,Manual cooling start date,system_manual_cooling_start_date,,,,
0x02,0x00,0x00DB,manual_cooling_date_end,Manual cooling stop date,system_manual_cooling_stop_date,,coolingForXDaysEndDateTime,,
0x02,0x00,0x00DC,room_temperature_control_strategy_type,Room temperature control strategy type,system_room_temperature_control_strategy_type,,roomTemperatureControlStrategyType,,
0x02,0x00,0x00DD,screed_drying_profile_day_01_10,Screed drying profile day 1 to 10,,,,,
0x02,0x00,0x00DE,screed_drying_profile_day_11_20,Screed drying profile day 11 to 20,,,,,
0x02,0x00,0x00DF,screed_drying_profile_day_21_29,Screed drying profile day 21 to 29,,,,,
0x02,0x00,0x00E0,system_yield_environmental_current_month,Environment yield current month,,,,,
0x02,0x00,0x00E1,circuit_control_strategy,Circuit control strategy,,,,,
0x02,0x00,0x00E2,automatic_mode_active,AutomaticModeActive,,,,,
0x02,0x00,0x00E3,button_raw_value_up,UP Button raw value,,,,,
0x02,0x00,0x00E4,button_raw_value_down,Down Button raw value,,,,,
0x02,0x00,0x00E5,button_raw_value_question,Question Button raw value,,,,,
0x02,0x00,0x00E6,button_raw_value_ok,Ok Button raw value,,,,,
0x02,0x00,0x00E7,button_raw_value_menu,Menu Button raw value,,,,,
0x02,0x00,0x00E8,button_raw_value_back,Back Button raw value,,,,,
0x02,0x00,0x00E9,button_raw_value_slider_1,Slider Button 1 raw value,,,,,
0x02,0x00,0x00EA,button_raw_value_slider_2,Slider Button 2 raw value,,,,,
0x02,0x00,0x00EB,button_raw_value_slider_3,Slider Button 3 raw value,,,,,
0x02,0x00,0x00EC,button_raw_value_slider_4,Slider Button 4 raw value,,,,,
0x02,0x00,0x00ED,button_raw_value_slider_5,Slider Button 5 raw value,,,,,
0x02,0x00,0x00EE,button_raw_value_slider_6,Slider Button 6 raw value,,,,,
0x02,0x00,0x00EF,continuous_heating_room_setpoint,Continuous heating room set point,system_continuous_heating_room_set_point,,continuousHeatingRoomSetpoint,,
0x02,0x00,0x00F0,error_number_priority,System Error Number priority,,,,,
0x02,0x00,0x00F1,maintenance_number_priority,System Maintenance Number priority,,,,,
0x02,0x00,0x00F2,system_holiday_start_date,Holiday Start for System,,,,,
0x02,0x00,0x00F3,system_holiday_end_date,Holiday End for System,,,,,
0x02,0x00,0x00F4,system_holiday_start_time,Holiday Start Time for System,,,,,
0x02,0x00,0x00F5,system_holiday_end_time,Holiday End Time for System,,,,,
0x02,0x00,0x00F6,room_temperature_setpoint_for_holiday,Room temperature set point for holiday,,,,,
0x02,0x00,0x00F7,system_holiday_abort,Abort Holiday,,,,,
0x02,0x00,0x00F8,manual_cooling_abort,Stop manual cooling,,,,,
0x02,0x00,0x00F9,system_ventilation_boost,VentilationBoost for System,,,,,
0x02,0x00,0x00FA,external_heat_demand_input_configuration,Configuration external demand inputs,,,,,
0x02,0x00,0x00FB,heatpump_mss_min_difference,Min difference HP in MSS,,,,,
0x02,0x00,0x00FC,heatpump_max_flow_dhw_setpoint,Max Flow Set Point Heat Pump DHW,,,,,
0x02,0x00,0x00FD,boiler_max_flow_setpoint,Max Flow Set Point boiler,,,,,
0x02,0x01,0x0001,native_dhw_circuit_type,Type of Dhw circuit,nativedhw_is_active | nativedhw_type_of_dhw_circuit,nativedhw_is_active | nativedhw_type_of_dhw_circuit,,,
0x02,0x01,0x0002,native_dhw_circulation_pump_status,Status DHW circulation pump,,,,,
0x02,0x01,0x0003,native_dhw_operation_mode,Operating mode for a DHW circuit,nativedhw_operating_mode_for_a_dhw_circuit,nativedhw_vrc700_operating_mode_for_a_dhw_circuit,,operationModeDomesticHotWater,HwcOpMode
0x02,0x01,0x0004,native_dhw_tapping_temperature_setpoint,DHW tapping set point,nativedhw_dhw_tapping_set_point,nativedhw_dhw_tapping_set_point,tappingSetPoint,tappingSetpoint,HwcTempDesired
0x02,0x01,0x0005,native_dhw_current_temperature,Current Temperature,nativedhw_current_temperature,nativedhw_current_temperature,currentDhwTemperature,currentDomesticHotWaterTemperature,DHWTemp
0x02,0x01,0x0006,native_dhw_pump_status,Status Pump,,,,,
0x02,0x01,0x0007,native_dhw_program_reset_to_default,Reset to default time program,,,,,
0x02,0x01,0x0008,native_dhw_current_target_flow_temperature,Current target flow temperature | Current target flow temperature heating,,,,,HwcFlowTemp
0x02,0x01,0x0009,native_dhw_holiday_start_date,Holiday Start,nativedhw_holiday_start,nativedhw_holiday_start,,,HwcHolidayStartPeriod
0x02,0x01,0x000A,native_dhw_holiday_end_date,Holiday End,nativedhw_holiday_end,nativedhw_holiday_end,,,HwcHolidayEndPeriod
0x02,0x01,0x000B,native_dhw_bank_holiday_start,Bank holiday start date,,,,,HwcBankHolidayStartPeriod
0x02,0x01,0x000C,native_dhw_bank_holiday_end,Bank holiday end date,,,,,HwcBankHolidayEndPeriod
0x02,0x01,0x000D,native_dhw_special_function_mode,Quick Mode DHW,,,,,HwcSFMode
0x02,0x01,0x000E,native_dhw_controlled_by_system,Circuit Controlled By System Controller,,,,,
0x02,0x01,0x000F,native_dhw_status,Status Special Function DHW,nativedhw_status_special_function_dhw,nativedhw_status_special_function_dhw,,,
0x02,0x01,0x0010,native_dhw_holiday_start_time,Holiday Start Time,nativedhw_holiday_start_time,,,,
0x02,0x01,0x0011,native_dhw_holiday_end_time,Holiday End Time,nativedhw_holiday_end_time,,holidayEndDateTime,,
0x02,0x01,0x0012,native_dhw_holiday_abort,Abort Holiday,,,,,
0x02,0x01,0x0014,native_dhw_preference,,nativedhw_dhw_preference,,,,
0x02,0x01,0x0015,native_dhw_recharge_tapping_setpoint,,nativedhw_dhw_recharge_tapping_set_point,,,,
0x02,0x01,0x0019,native_dhw_loading_efficiency_state,,nativedhw_dhw_loading_efficiency_state,,,,
0x02,0x02,0x0001,circuit_circuit_type,Circuit type,circuit_circuit_type,circuit_circuit_type,,,Hc{hc}CircuitType
0x02,0x02,0x0002,circuit_mixer_type_external,Type of mixed circuit external,circuit_type | circuit_type_of_mixed_circuit_external,circuit_type | circuit_type_of_mixed_circuit_external,mixerCircuitTypeExternal,mixerCircuitTypeExternal,Hc{hc}CircuitType
0x02,0x02,0x0003,circuit_influence_type,,,,,,Hc{hc}RoomInfluenceType
0x02,0x02,0x0004,circuit_backflow_temperature_setpoint,Back flow temperature set point,,,,,Hc{hc}ReturnTempDesired
0x02,0x02,0x0005,circuit_condensate_sensitive_emitter,Condensate sensitive emitter,circuit_condensate_sensitive_emitter,,,,Hc{hc}DewPointMonitoring
0x02,0x02,0x0006,circuit_cooling_allowed,Cooling allowed for the circuit,circuit_cooling_allowed_for_the_circuit,circuit_cooling_allowed_for_the_circuit,,,Hc{hc}CoolingEnabled
0x02,0x02,0x0007,circuit_current_target_flow_temperature,Current target flow temperature,circuit_current_target_flow_temperature,circuit_current_target_flow_temperature,,heatingCircuitFlowSetpoint,Hc{hc}FlowTempDesired
0x02,0x02,0x0008,circuit_current_flow_temperature,Current Temperature,circuit_current_temperature,circuit_current_temperature,,currentCircuitFlowTemperature,Hc{hc}FlowTemp
0x02,0x02,0x0009,circuit_dhw_tapping_setpoint,DHW tapping set point,,,,,Hc{hc}ExternalHWCTempDesired
0x02,0x02,0x000A,circuit_epsilon,Epsilon,circuit_epsilon,circuit_epsilon,,,Hc{hc}DewPointOffset
0x02,0x02,0x000B,circuit_flow_temperature_setpoint_correction_heating,Flow temperature set point correction heating,circuit_flow_temperature_set_point_correction_heating,circuit_flow_temperature_set_point_correction_heating,,,Hc{hc}ExcessTemp
0x02,0x02,0x000C,circuit_flow_temperature_setpoint_high,Flow temperature set point high,,,,,Hc{hc}FixedDesiredTemp
0x02,0x02,0x000D,circuit_flow_temperature_setpoint_low,Flow temperature set point low,,,,,Hc{hc}SetbackModeTemp
0x02,0x02,0x000E,circuit_frost_protection_mode,Frost protection mode,circuit_frost_protection_mode,circuit_frost_protection_mode,,,Hc{hc}SetbackMode
0x02,0x02,0x000F,circuit_heating_curve,Heating curve,circuit_heating_curve,circuit_heating_curve,,,Hc{hc}HeatCurve
0x02,0x02,0x0010,circuit_heating_flow_temperature_max_setpoint,Maximum flowtemperature set point for a circuit,circuit_maximum_flowtemperature_set_point_for_a_circuit,circuit_maximum_flowtemperature_set_point_for_a_circuit,,,Hc{hc}HeatingFlowTempMax
0x02,0x02,0x0011,circuit_cooling_flow_temperature_min_setpoint,Minimum flow temperature set point for cooling,circuit_minimum_flow_temperature_set_point_for_cooling,circuit_minimum_flow_temperature_set_point_for_cooling,,,Hc{hc}CoolingFlowTempMin
0x02,0x02,0x0012,circuit_flow_temperature_min_setpoint,Minimum flowtemperature set point for a circuit,circuit_minimum_flowtemperature_set_point_for_a_circuit,circuit_minimum_flowtemperature_set_point_for_a_circuit,,,Hc{hc}HeatingFlowTempMin
0x02,0x02,0x0013,circuit_dhw_operating_mode,Operating mode for a DHW circuit,,,,,Hc{hc}ExternalHWCOpMode
0x02,0x02,0x0014,circuit_maximum_outside_temperature_heating,Outside temperature limit summer detection,circuit_outside_temperature_limit_summer_detection,circuit_outside_temperature_limit_summer_detection,,,Hc{hc}SummerTempLimit
0x02,0x02,0x0015,circuit_room_temperature_influence,Room temperature influence,circuit_room_temperature_influence,circuit_room_temperature_influence,,,Hc{hc}RoomTempModulation
0x02,0x02,0x0016,circuit_screed_drying_day,Screed drying day,,,,,Hc{hc}ScreedDryingDay
0x02,0x02,0x0017,circuit_screed_drying_setpoint,Screed drying setpoint,,,,,Hc{hc}ScreedDryingTempDesired
0x02,0x02,0x0018,circuit_dhw_circulation_pump_status,Status DHW circulation pump,,,,,Hc{hc}ExternalHWCActive
0x02,0x02,0x0019,circuit_external_heat_demand,Status external demand input,,,,,Hc{hc}ExternalHeatDemand
0x02,0x02,0x001A,circuit_status_heating_circuit_mixer,Status Heating Circuit Mixer,circuit_status_heating_circuit_mixer,,,,Hc{hc}MixerMovement
0x02,0x02,0x001B,circuit_pump_status,Status Pump,,,,,Hc{hc}Status
0x02,0x02,0x001C,circuit_adaptive_heating_curve_offset,Adaptive heating curve offset,circuit_adaptive_heating_curve_offset,,,,Hc{hc}HeatCurveAdaption
0x02,0x02,0x001D,circuit_dhw_quick_mode,Quick Mode DHW,,,,,Hc{hc}FrostProtThreshold
0x02,0x02,0x001E,circuit_status_circuit,Status circuit,circuit_status_circuit,circuit_status_circuit,,circuitState,Hc{hc}PumpStatus
0x02,0x02,0x001F,circuit_minimum_outside_temperature_cooling,Minimum outside temperature cooling,circuit_minimum_outside_temperature_cooling,circuit_minimum_outside_temperature_cooling,,,Hc{hc}RoomSetpoint
0x02,0x02,0x0020,circuit_status_automatic_heating_cooling,Status automatic heatingcooling,,,,,Hc{hc}FlowTempCalc
0x02,0x02,0x0021,circuit_mixer_position_percentage,,,,,,Hc{hc}MixerPosition
0x02,0x02,0x0022,circuit_current_room_humidity,,,,,,Hc{hc}Humidity
0x02,0x02,0x0023,circuit_dew_point_temperature,,,,,,Hc{hc}DewPointTemp
0x02,0x02,0x0024,circuit_pump_operating_hours,,,,,,Hc{hc}PumpHours
0x02,0x02,0x0025,circuit_pump_starts_count,,,,,,Hc{hc}PumpStarts
0x02,0x03,0x0001,zone_cooling_operation_mode,Operating mode cooling for a zone,zone_operating_mode_cooling_for_a_zone,zone_vrc700_operating_mode_cooling_for_a_zone,,,Zone{zone}CoolingOpMode
0x02,0x03,0x0002,zone_room_temperature_setpoint_cooling,Room temperature set point cooling,zone_room_temperature_set_point_cooling,zone_room_temperature_set_point_cooling,,,Zone{zone}CoolingSetbackTemp
0x02,0x03,0x0003,zone_holiday_start_date,Holiday Start,zone_holiday_start,zone_holiday_start,,,Zone{zone}HolidayStartPeriod
0x02,0x03,0x0004,zone_holiday_end_date,Holiday End,zone_holiday_end,zone_holiday_end,,,Zone{zone}HolidayEndPeriod
0x02,0x03,0x0005,zone_holiday_setpoint,Room temperature set point for holiday,zone_room_temperature_set_point_for_holiday,zone_room_temperature_set_point_for_holiday,,,Zone{zone}HolidayTemp
0x02,0x03,0x0006,zone_heating_operation_mode,Operating mode heating for a zone,zone_operating_mode_heating_for_a_zone,zone_vrc700_operating_mode_heating_for_a_zone,,,Zone{zone}HeatingOpMode
0x02,0x03,0x0007,zone_comfort_room_temperature_setpoint_heating,Comfort room temperature set point heating | Holiday End,,zone_vrc700_comfort_room_temperature_set_point_heating,,,
0x02,0x03,0x0008,zone_quick_veto_setpoint,Room temperature set point quick veto,,,,,Zone{zone}QuickVetoTemp
0x02,0x03,0x0009,zone_setback_room_temperature_setpoint_heating,Holiday Start | Set-back room temperature set point heating,zone_set__back_room_temperature_set_point_heating,zone_set__back_room_temperature_set_point_heating,,,Zone{zone}HeatingSetbackTemp
0x02,0x03,0x000A,zone_operating_mode_heating_teleswitch,Operating mode heating teleSWITCH for a zone,,,,,
0x02,0x03,0x000B,zone_operating_mode_cooling_teleswitch,Operating mode cooling teleSWITCH for a zone,,,,,
0x02,0x03,0x000C,zone_bank_holiday_start,Bank holiday start date,,,,,
0x02,0x03,0x000D,zone_bank_holiday_end,Bank holiday end date,,,,,
0x02,0x03,0x000E,zone_quick_mode,Quick Mode,,,,,Zone{zone}SpecialFunction
0x02,0x03,0x000F,zone_current_measured_temperature,Current measured room temperature,zone_current_measured_room_temperature | zone_current_measured_room_temperature_custom | zone_current_measured_room_temperature_is_visible,zone_current_measured_room_temperature,,currentRoomTemperature,Zone{zone}RoomTemp
0x02,0x03,0x0010,zone_schedule_reset_to_default,Reset to default time program,,,,,
0x02,0x03,0x0011,zone_is_active,Zone enabled,zone_is_active | zones_are_active,zone_is_active | zones_are_active,,,
0x02,0x03,0x0012,zone_valve_status,Status Zone Valve,,,,,Zone{zone}ValveStatus
0x02,0x03,0x0013,zone_binding_of_zone,Binding of zone,zone_binding_of_zone,zone_binding_of_zone,,,Zone{zone}AssociatedCircuitIndex
0x02,0x03,0x0014,zone_heating_setpoint,Displayed wish temperature heating,zone_displayed_wish_temperature_heating,zone_displayed_wish_temperature_heating,desiredRoomTemperatureSetpointHeating,desiredRoomTemperatureSetpointHeating,Zone{zone}HeatingManualSetpoint
0x02,0x03,0x0015,zone_cooling_setpoint,Displayed wish temperature cooling,zone_displayed_wish_temperature_cooling,zone_displayed_wish_temperature_cooling,desiredRoomTemperatureSetpointCooling,desiredRoomTemperatureSetpointCooling,Zone{zone}CoolingManualSetpoint
0x02,0x03,0x0016,zone_name,Heating zone name,,,,,Zone{zone}Name
0x02,0x03,0x0017,zone_name_prefix,Heating zone name 1,,,,,Zone{zone}NamePrefix
0x02,0x03,0x0018,zone_name_suffix,Heating zone name 2,,,,,Zone{zone}NameSuffix
0x02,0x03,0x0019,zone_heating_schedule_status,Status Zone Period Heating,,,,,Zone{zone}HeatingTimeSlotActive
0x02,0x03,0x001A,zone_cooling_schedule_status,Status Zone Period Cooling,,,,,Zone{zone}CoolingTimeSlotActive
0x02,0x03,0x001B,zone_special_function_status,Special function status,zone_special_function_status,zone_special_function_status,,,Zone{zone}Status
0x02,0x03,0x001C,zone_circuit_for_zone,Circuit for zone,zone_circuit_for_zone | zone_mapping,zone_circuit_for_zone | zone_mapping,,,Zone{zone}Index
0x02,0x03,0x001D,zone_heating_event_end_time,Event End Time Heating | Event end time heating | EventEndTimeHeating,,,,,
0x02,0x03,0x001E,zone_quick_veto_end_time,Quick veto end time | QuickVetoEndTime,zone_quick_veto_end_time,,,,Zone{zone}QuickVetoEndTime
0x02,0x03,0x0020,zone_holiday_end_time,Holiday End Time,zone_holiday_end_time,,,,Zone{zone}HolidayEndTime
0x02,0x03,0x0021,zone_holiday_start_time,Holiday Start Time,zone_holiday_start_time,,,,Zone{zone}HolidayStartTime
0x02,0x03,0x0022,zone_heating_manual_setpoint,"Room temperature set point ""Manual"" | Room temperature set point Manual",zone_room_temperature_set_point_manual,,,,Zone{zone}RoomTempDesired
0x02,0x03,0x0023,zone_cooling_manual_setpoint,Room temperature set point cooling Manual,zone_room_temperature_set_point_cooling_manual,,,,Zone{zone}CoolingDesiredSetpoint
0x02,0x03,0x0024,zone_quick_veto_end_date,Quick veto end date,zone_quick_veto_end_date,,,,Zone{zone}QuickVetoEndDate
0x02,0x03,0x0025,zone_holiday_abort,Abort Holiday,,,,,
0x02,0x03,0x0026,zone_quick_veto_duration,Quick Veto set duration and start,,,,,Zone{zone}QuickVetoDuration
0x02,0x03,0x0027,zone_manual_cooling_is_active_for_zone,Manual cooling is active for Zone,zone_manual_cooling_is_active_for_zone,,,,
0x02,0x03,0x0028,zone_current_humidity,Current humidity,zone_current_humidity | zone_current_humidity_custom,zone_current_humidity,,currentRoomHumidity,Zone{zone}Humid
0x02,0x03,0x0029,zone_cooling_allowed,Cooling allowed for the zone,,,,,
0x02,0x03,0x002A,zone_summer_cutoff_active,Summercutoff active,,,,,
0x02,0x03,0x002B,zone_continuous_heating_active,Continuous heating active,,,,,
0x02,0x03,0x002C,zone_frost_protection_active,Frostprotection active,zone_frostprotection_active,,,,
0x02,0x03,0x002D,zone_heating_roomthermostat_status,Roomthermostatfunction has switched off - for heating,,,,,
0x02,0x03,0x002E,zone_cooling_roomthermostat_status,Roomthermostatfunction has switched off - for cooling,,,,,
0x02,0x04,0x0001,solar_collector_runtime_reset,Reset collector pump run time,,,,,
0x02,0x04,0x0002,solar_collector_kick_function,Collector kick function,,,,,
0x02,0x04,0x0003,solar_collector_temperature,Collector temperature,,,,,
0x02,0x04,0x0004,solar_collector_min_temperature,Minimum collector temperature,,,,,
0x02,0x04,0x0005,solar_circuit_protection_function,Solar circuit protection function,,,,,
0x02,0x04,0x0006,solar_circuit_protection_function_setpoint,Solar circuit protection function stop temperature,,,,,
0x02,0x04,0x0007,yield_solar_temperature,Solar yield temperature,,,,,
0x02,0x04,0x0008,solar_pump_active,Status Collector Pump,,,,,
0x02,0x04,0x0009,solar_flow_rate_current,Current solar flow rate,,,,,
0x02,0x04,0x000A,solar_flow_rate_setpoint,Set point solar flow rate,,,,,
0x02,0x04,0x000B,solar_pump_hours,Solar collector pump run time,,,,,
0x02,0x04,0x000C,solar_pump_min_power,Minimum power solar pump,,,,,
0x02,0x05,0x0001,solar_cylinder_max_temperature_setpoint,Maximum tank temperature for solar tank,,,,,
0x02,0x05,0x0002,solar_cylinder_start_temperature_difference,Solar start temperature difference,,,,,
0x02,0x05,0x0003,solar_cylinder_stop_temperature_difference,Solar stop temperature difference,,,,,
0x02,0x05,0x0004,solar_cylinder_bottom_temperature,Tank bottom temperature,,,,,
0x02,0x08,0x0001,delta_temperature_control_max_temperature,Delta temperature control maximum temperature,,,,,
0x02,0x08,0x0002,delta_temperature_control_min_temperature,Delta temperature control minimum temperature,,,,,
0x02,0x08,0x0003,delta_temperature_control_start_temperature_difference,Delta temperature control start temperature difference,,,,,
0x02,0x08,0x0004,delta_temperature_control_stop_temperature_difference,Delta temperature control stop temperature difference,,,,,
0x02,0x08,0x0005,delta_temperature_td1_temperature,TD1 temperature,,,,,
0x02,0x08,0x0006,delta_temperature_td2_temperature,TD2 temperature,,,,,
0x02,0x08,0x0007,delta_temperature_td_output,TD Output,,,,,
0x02,0x09,0x0001,ventilation_quick_mode,Quick Mode Ventilation,,,,,
0x02,0x09,0x0002,ventilation_operating_mode,Operating mode for air ventilation,ventilation_operating_mode_for_air_ventilation,,,,
0x02,0x09,0x0003,ventilation_status_period,Status Period Ventilation,,,,,
0x02,0x09,0x0004,ventilation_status_special_operating_mode,Status Special Function Ventilation,ventilation_status_special_function_ventilation,,,,
0x02,0x09,0x0005,ventilation_voc_sensor_1,VOC sensor 1,,,,,
0x02,0x09,0x0006,ventilation_voc_sensor_2,VOC sensor 2,,,,,
0x02,0x09,0x0007,ventilation_holiday_end,Holiday End,ventilation_holiday_end,,,,
0x02,0x09,0x0008,ventilation_holiday_end_time,Holiday End Time,ventilation_holiday_end_time,,,,
0x02,0x09,0x0009,ventilation_holiday_start,Holiday Start,ventilation_holiday_start,,,,
0x02,0x09,0x000A,ventilation_holiday_start_time,Holiday Start Time,ventilation_holiday_start_time,,,,
0x02,0x09,0x000B,ventilation_heat_recovery_ventilation,Heat recovery air ventilation,,,,,
0x02,0x09,0x000C,ventilation_max_voc,Max VOC,,,,,
0x02,0x09,0x000D,ventilation_day_max_fan_stage,Day maximum fan stage,ventilation_day_maximum_fan_stage,,,,
0x02,0x09,0x000E,ventilation_night_max_fan_stage,Night maximum fan stage,ventilation_night_maximum_fan_stage,,,,
0x02,0x09,0x000F,ventilation_holiday_abort,Abort Holiday,,,,,
0x06,0x0A,0x0007,,,,,,,RoomHumidity
0x06,0x0A,0x000F,,,,,,,RoomTemp
