eid,spn,model_name,protocol_family
70000,0141,VRC700 R1,VRC700
70000,0155,VRC700 R2,VRC700
70000,015A,VRC700 R4,VRC700
70000,016C,VRC700 R5,VRC700
70000,0171,VRC700 R6,VRC700
70000,01D8,VRC700 R6,VRC700
72000,0179,VRC720,VRC720
B7V00,0163,VRC700 R4,VRC700
BASS0,0184,VRC720,VRC720
BASS0,0193,VRT380,VRC720
BASS2,01A1,VRC720,VRC720
BASS2,01CF,VRC720,VRC720
BASS3,01B0,VRT380,VRC720
BASS3,01BB,VRC720,VRC720
BASS3,01D0,VRT380,VRC720
BASS3,01D9,VRC720,VRC720
BASV0,0184,VRC720,VRC720
BASV0,0193,VRT380,VRC720
BASV2,01A1,VRC720,VRC720
BASV2,01CF,VRC720,VRC720
BASV3,01B0,VRT380,VRC720
BASV3,01BB,VRC720,VRC720
BASV3,01D0,VRT380,VRC720
BASV3,01D9,VRC720,VRC720
CTLS0,0188,VRT380,VRC720
CTLS0,0189,VRC720,VRC720
CTLS2,019D,VRC720,VRC720
CTLS3,01AF,VRT380,VRC720
CTLS3,01B6,VRC720,VRC720
CTLS3,01E1,VRC720,VRC720
CTLV0,0187,VRT380,VRC720
CTLV2,019B,VRC720,VRC720
CTLV3,01AE,VRT380,VRC720
CTLV3,01B5,VRC720,VRC720
CTLV3,01DC,VRC720,VRC720
CTLV3,01E0,VRC720,VRC720
CTLX0,0194,VR940,VRC720
EMM00,0181,VRC710,VRC720
